section,LATITUDE,LONGITUDE,upper50mDOPstock,MeanDOPUpper50,iron stress,PStar,Chl a,PStar_250,Pstar_insitu,nFLH,region,comment
36N,36.6401,-70.2625,3.99855905,0.079971181,0.009109001,0.102981247,0.097795855,-0.015433927,0,3.23E-03,North Atlantic,
36N,36.7385,-70.5589,1.513779693,0.030275594,0.009271026,0.102981247,0.091128863,-0.015433927,0.1878125,3.43E-03,North Atlantic,
36N,36.8665,-70.8689,3.4898047,0.069796094,0.009623303,0.102981247,0.187679492,-0.015433927,0.154375,3.87E-03,North Atlantic,
36N,37.3226,-71.6791,4.0022487,0.080044974,0.011248885,0.1530625,0.369413689,0.02114376,0.138125,7.16E-03,North Atlantic,
36N,37.4429,-71.9513,0.5129887,0.010259774,0.011021141,0.1530625,0.40041706,0.02114376,0.06,8.11E-03,North Atlantic,
36N,36.0148,-74.8129,5.003332578,0.100066652,0.010363437,0.200518757,0.526329994,,0.1921875,1.29E-02,North Atlantic,
36N,35.9771,-74.7738,4.00080295,0.080016059,0.010415065,0.142543752,0.549926668,0.166607161,0.240625,1.29E-02,North Atlantic,
36N,35.6493,-74.2791,1.99767415,0.039953483,0.010813396,0.142543752,0.354182094,0.166607161,0.00125,6.08E-03,North Atlantic,
36N,35.597,-74.117,0.5122467,0.010244934,0.010700613,0.142543752,0.298584573,0.166607161,-0.019375,5.37E-03,North Atlantic,
36N,35.3618,-73.7694,1.256797559,0.025135951,0.010261602,0.130487505,0.08718574,0.111243744,0.016875,4.10E-03,North Atlantic,
36N,35.2951,-72.9348,0.9744453,0.019488906,0.00959059,0.113612499,0.117126783,0.051388387,0.00875,3.39E-03,North Atlantic,
36N,35.5656,-71.8587,1.48692515,0.029738503,0.009976682,0.096006256,0.107350465,0.006163393,0.003125,3.51E-03,North Atlantic,
36N,35.6994,-71.3292,2.51302135,0.050260427,0.009857441,0.096006256,0.099363323,0.006163393,-0.003125,3.40E-03,North Atlantic,
36N,36.1131,-69.6938,1.487454049,0.029749081,0.010622673,0.088199999,0.110849801,-0.032135706,-0.0028125,3.68E-03,North Atlantic,
36N,36.2469,-66.0857,1.729443999,0.03458888,0.010685489,0.056775004,0.130716689,-0.023977678,0.0053125,3.66E-03,North Atlantic,
36N,36.2643,-64.2296,2.743498438,0.054869969,0.011138861,0.040668748,0.140799332,-0.014447313,-0.001875,4.10E-03,North Atlantic,
36N,36.2616,-62.4064,2.51380385,0.050276077,0.011487642,0.033137497,0.124091908,-0.028197323,0.005,3.99E-03,North Atlantic,
36N,36.2424,-61.1642,2.51391455,0.050278291,0.01096431,0.028849997,0.103510812,-0.037062502,-0.00125,3.82E-03,North Atlantic,
36N,36.0976,-58.7126,2.74519885,0.054903977,0.011011345,0.028256249,0.118470933,-0.043766073,-0.001875,3.90E-03,North Atlantic,
36N,36.1682,-57.2539,2.514429916,0.050288598,0.012227348,0.028262503,0.162764199,-0.040540181,-0.014375,4.15E-03,North Atlantic,
36N,36.2441,-55.6084,0.974922402,0.019498448,0.012076505,0.022837497,0.169697426,-0.038863389,0.015625,4.18E-03,North Atlantic,
36N,36.4882,-52.2773,2.51447785,0.050289557,0.01261672,0.010949999,0.11744801,-0.036676788,0.0025,4.40E-03,North Atlantic,
36N,36.2437,-48.9668,1.4880987,0.029761974,0.012150876,0.029937502,0.138786159,-0.014370535,-0.00125,4.58E-03,North Atlantic,
36N,36.2645,-47.3102,2.51438755,0.050287751,0.011666567,0.034200002,0.143798262,-0.002471427,-0.018125,4.48E-03,North Atlantic,
36N,36.2508,-45.6552,3.00183556,0.060036711,0.012749495,0.043137498,0.187455244,0.024264287,0.014375,5.03E-03,North Atlantic,
36N,36.247,-42.5433,3.001318455,0.060026369,0.012344051,0.063956248,0.190974705,0.045926784,0.0025,4.93E-03,North Atlantic,
36N,36.249,-38.8635,3.232424376,0.064648488,0.012083737,0.062868748,0.145975407,0.019561602,-0.0040625,4.81E-03,North Atlantic,
36N,36.2492,-36.432,1.4876487,0.029752974,0.012046738,0.048893749,0.117404267,0.001403568,0.03,4.60E-03,North Atlantic,
36N,36.2516,-33.3682,2.257623391,0.045152468,0.012225039,0.050100002,0.084725954,0.008599113,-3.13E-04,4.60E-03,North Atlantic,
36N,36.2473,-31.5319,4.00124905,0.080024981,0.012283944,0.060593748,0.112404127,0.019629466,-0.00125,4.64E-03,North Atlantic,
36N,36.2483,-28.4851,2.97682185,0.059536437,0.012441911,0.064949997,0.099747792,0.023066068,0.03,4.81E-03,North Atlantic,
36N,36.2521,-26.651,2.9751918,0.059503836,0.012255549,0.069387499,0.104946617,0.027129466,0.00875,4.75E-03,North Atlantic,
36N,36.2478,-25.4195,2.51368105,0.050273621,0.012285746,0.059106249,0.100883346,0.048986601,0,4.81E-03,North Atlantic,
36N,36.2491,-22.9808,4.002427026,0.080048541,0.011701028,0.051074999,0.107059989,0.010941088,-0.0015625,4.23E-03,North Atlantic,
36N,36.249,-21.1515,4.51486905,0.090297381,0.0111875,0.044643749,0.109786078,-0.001076779,0,4.01E-03,North Atlantic,
36N,36.251,-19.9136,2.975499,0.05950998,0.01192723,0.043087502,0.099008996,-0.011977677,0,4.35E-03,North Atlantic,
36N,36.255,-17.4666,2.744696759,0.054893935,0.011557759,0.061643749,0.10830304,-0.002184817,-6.25E-04,4.26E-03,North Atlantic,
36N,36.1506,-15.3708,4.00218605,0.080043721,0.010809665,0.077362496,0.118044797,0.006643756,-0.003125,4.32E-03,North Atlantic,
36N,35.9005,-14.701,4.5153839,0.090307678,0.010725322,0.064718746,0.114480566,0.010833931,-6.25E-04,4.43E-03,North Atlantic,
36N,35.7957,-10.495,4.746479548,0.094929591,0.011039889,0.021074995,0.200337701,-0.036075005,0.01,4.93E-03,North Atlantic,
36N,36.5953,-8.67737,2.258119479,0.04516239,0.009566579,0.018062502,0.245422229,-0.031903573,0.025,5.77E-03,North Atlantic,
36N,35.0493,-8.06395,1.48803285,0.029760657,0.009856161,0.020862505,0.129370622,-0.022774111,0.00625,4.13E-03,North Atlantic,
AMT14,-47.03932,-50.25497,3.953512174,0.079070243,0.011553223,0.183406293,0.350343257,0.16203928,0.2321875,1.47E-02,South Atlantic,
AMT14,-41.03489,-41.55872,6.274675548,0.125493511,0.01211957,0.167518735,0.313664496,0.121190165,0.139583333,1.15E-02,South Atlantic,
AMT14,-38.88149,-38.58539,5.195883177,0.103917664,0.012237958,0.157000005,0.216460049,0.099470543,0.080625,8.93E-03,South Atlantic,
AMT14,-35.96667,-34.78997,6.495706663,0.129914133,0.012419403,0.126924999,0.126128152,0.089301786,0.037708333,6.24E-03,South Atlantic,
AMT14,-32.97375,-31.00796,11.89322501,0.2378645,0.012050624,0.112918747,0.100896835,0.092300895,0.027541667,4.17E-03,South Atlantic,
AMT14,-29.76885,-27.09417,5.127183317,0.102543666,0.012980998,0.144900003,0.077749409,0.140484822,0.005777083,3.27E-03,South Atlantic,
AMT14,-28.08823,-25.10199,4.5,0.09,0.014340401,0.161656247,0.066158742,0.155326779,0.0048,3.30E-03,South Atlantic,
AMT14,-24.23124,-24.99512,6.82788671,0.136557734,0.016861734,0.184837495,0.057930615,0.186485712,0.024045833,3.14E-03,South Atlantic,
AMT14,-20.92963,-25.00379,10.49993438,0.209998688,0.017887512,0.188775,0.043501474,0.210233927,0.095484375,2.87E-03,South Atlantic,
AMT14,-16.64452,-24.99619,13,0.26,0.018447761,0.185000002,0.039125163,0.247654465,0.091640625,2.62E-03,South Atlantic,
AMT14,-8.81756,-25.00206,10.8050945,0.21610189,0.01305238,0.114193749,0.099709041,0.124133923,0.02515625,2.50E-03,South Atlantic,
AMT14,-4.46185,-25.01249,12.16328693,0.243265739,0.01253713,0.078543751,0.113255508,0.066296416,0.026697917,3.62E-03,South Atlantic,
AMT14,-0.10135,-24.99662,17.62464331,0.352492866,0.01491611,0.083862503,0.146745726,0.042155368,0.028091667,6.83E-03,South Atlantic,
AMT14,3.24473,-26.24346,7.508759992,0.1501752,0.01525388,0.057056248,0.11463277,0.040987509,0.02609375,4.72E-03,North Atlantic,
AMT14,7.28897,-27.78171,5.559096908,0.111181938,0.017073404,0.050299999,0.134741977,0.049895508,0.027197917,5.12E-03,North Atlantic,
AMT14,11.40053,-29.36786,7,0.14,0.013869847,0.0664375,0.13755627,0.052240201,0.026875,4.31E-03,North Atlantic,
AMT14,14.75553,-30.68309,8.430735452,0.168614709,0.010134095,0.070018747,0.097951107,-0.002459816,0.02808125,2.83E-03,North Atlantic,
AMT14,18.79636,-32.28879,6.249056036,0.124981121,0.009975896,0.039487502,0.104747966,-0.028348222,0.028403125,2.46E-03,North Atlantic,
AMT14,22.33456,-33.73347,3.571928897,0.071438578,0.012392328,0.0223125,0.061872397,-0.036403567,0.007933333,2.68E-03,North Atlantic,
AMT14,25.92199,-35.23629,2.749997238,0.054999945,0.01408933,0.028125001,0.032016102,0.02851607,-0.001040625,2.61E-03,North Atlantic,
AMT14,29.30054,-36.69945,2.5,0.05,0.013438539,0.046874999,0.042638693,-0.009454467,-9.41E-04,2.72E-03,North Atlantic,
AMT14,35.747,-22.85163,9.474734439,0.189494689,0.011686717,0.048424999,0.077582948,0.009483927,-3.94E-04,3.97E-03,North Atlantic,
AMT14,38.66634,-19.96059,3.691207345,0.073824147,0.011369234,0.042556254,0.359637767,-0.013684818,-0.02760625,5.44E-03,North Atlantic,
AMT14,41.98623,-18.79265,8.004220208,0.160084404,0.011819401,0.060306251,0.358786345,-0.017465174,0.012497917,7.34E-03,North Atlantic,
AMT14,47.81141,-16.77694,6.584126026,0.131682521,0.011110578,0.091237485,0.253512532,0.013456259,-0.064375,1.00E-02,North Atlantic,
AMT14,48.99986,-16.39474,6.234138006,0.12468276,0.011749508,0.091512501,0.13798748,0.019525903,-0.028958333,1.14E-02,North Atlantic,
AMT17,46.22974,-17.44212,12.50489409,0.250097882,0.010959639,0.099006251,0.187956661,0.002413401,0.051446875,1.01E-02,North Atlantic,
AMT17,44.34735,-19.33307,13.43084807,0.268616961,0.010304386,0.094987497,0.160498664,-0.020919638,0.038876786,7.90E-03,North Atlantic,
AMT17,35.92254,-29.13092,8.928304006,0.17856608,0.012179095,0.060231252,0.110809237,0.009013393,0.011479167,4.58E-03,North Atlantic,
AMT17,31.29968,-32.04818,11.00056555,0.220011311,0.011587725,0.065012503,0.068624871,-0.034098213,0.010315625,2.81E-03,North Atlantic,
AMT17,29.52611,-36.27322,12.64905732,0.252981146,0.01294243,0.046874999,0.064077254,-0.009454467,0.00380625,2.60E-03,North Atlantic,
AMT17,27.78194,-38.80805,13,0.26,0.01436749,0.037793751,0.048524948,0.025165177,0.003834375,2.65E-03,North Atlantic,
AMT17,23.96198,-36.77857,9.249806317,0.184996126,0.013170161,0.022306249,0.060318062,0.026309825,0.007721875,2.50E-03,North Atlantic,
AMT17,21.05351,-35.27266,9.749998452,0.194999969,0.01178151,0.017781249,0.054667316,-0.022860718,0.010184375,2.46E-03,North Atlantic,
AMT17,18.37798,-33.91454,8.7,0.174,0.0107848,0.03446875,0.078295773,-0.021900006,0.0057625,2.50E-03,North Atlantic,
AMT17,15.12522,-32.2964,9.073684111,0.181473682,0.010973759,0.0526875,0.114453226,0.00767856,0.009535938,2.84E-03,North Atlantic,
AMT17,12.06969,-30.80251,6.364360765,0.127287215,0.01065537,0.063218754,0.138198122,0.041789259,0.019647321,3.14E-03,North Atlantic,
AMT17,9.43397,-29.52006,10.61192415,0.212238483,0.017175821,0.055962501,0.128958091,0.047067847,0.0162625,4.95E-03,North Atlantic,
AMT17,6.50656,-28.11006,9.168397359,0.183367947,0.017865943,0.043362499,0.136931643,0.030242852,0.020230208,5.45E-03,North Atlantic,
AMT17,3.4764,-26.65992,12.93803095,0.258760619,0.014224972,0.057056248,0.12124563,0.040987509,0.031933333,4.47E-03,North Atlantic,
AMT17,0.89227,-25.43576,12.25018971,0.245003794,0.013941016,0.082049998,0.150437113,0.028946408,0.09606875,5.53E-03,North Atlantic,
AMT17,-2.88793,-24.99891,11.23595969,0.224719194,0.01217718,0.072749997,0.098912135,0.054173206,0.191847917,3.78E-03,South Atlantic,
AMT17,-8.27609,-24.99577,12.10018141,0.242003628,0.012695324,0.110956243,0.08911705,0.117143764,0.117459375,2.58E-03,South Atlantic,
AMT17,-11.00024,-24.99922,13.4963989,0.269927978,0.015240473,0.112725005,0.054895291,0.185209813,0.204540625,2.48E-03,South Atlantic,
AMT17,-14.38067,-24.99658,14.38239969,0.287647994,0.017851675,0.150925005,0.033343565,0.239852668,0.196491667,2.51E-03,South Atlantic,
AMT17,-18.55974,-24.99919,12.88860563,0.257772113,0.018042501,0.203968748,0.02460365,0.237398213,0.279822917,2.64E-03,South Atlantic,
AMT17,-21.12928,-22.43899,11.71394249,0.23427885,0.017205889,0.201018745,0.024687706,0.216159816,0.27306875,2.67E-03,South Atlantic,
AMT17,-21.10335,-22.37868,10,0.2,0.018191689,0.201018745,0.024987809,0.216159816,0.158125,2.83E-03,South Atlantic,
AMT17,-22.14294,-20.19863,12.21659486,0.244331897,0.01728454,0.200093753,0.027904578,0.215605358,0.259875,2.81E-03,South Atlantic,
AMT17,-23.76301,-16.52736,13.24601311,0.264920262,0.016171575,0.194518746,0.031236004,0.200489288,0.289784375,2.84E-03,South Atlantic,
AMT17,-26.14092,-11.05722,11.25002037,0.225000407,0.015136087,0.21599375,0.042270154,0.190528567,0.264828125,2.80E-03,South Atlantic,
AMT17,-27.39677,-8.11673,9.930734502,0.19861469,0.014819271,0.195818748,0.059714245,0.191656242,0.289796875,2.96E-03,South Atlantic,
AMT17,-28.85446,-4.68811,11.48494252,0.22969885,0.014540388,0.172424997,0.085319499,0.200265176,0.23989375,3.32E-03,South Atlantic,
AMT17,-30.67318,-0.2998,12.19390444,0.243878089,0.014712357,0.176037504,0.10778543,0.238295537,0.209259375,4.11E-03,South Atlantic,
AMT17,-32.52798,4.23609,13.2725206,0.265450412,0.014992298,0.257256265,0.172690533,0.304621422,0.289854167,5.31E-03,South Atlantic,
AMT17,-33.64581,8.91522,7.263289407,0.145265788,0.013982885,0.29236876,0.229738131,0.25061429,0.213874107,6.35E-03,South Atlantic,
AMT17,-33.90676,10.30315,7.509173346,0.150183467,0.013691866,0.280856242,0.298070133,0.222616067,0.111319444,6.70E-03,South Atlantic,
BIOSOPE,-8.32545,-141.27521,10.14892619,0.202978524,0.024273991,0.271037489,0.168727557,0.327758031,0.311666667,1.03E-02,Eastern South Pacific,
BIOSOPE,-8.99582,-136.84779,14.05674914,0.281134983,0.019553606,0.24545002,0.124049832,0.37390624,0.20046875,5.83E-03,Eastern South Pacific,
BIOSOPE,-11.73528,-134.09633,14.8474089,0.296948178,0.020124578,0.230362497,0.088694909,0.298550896,0.228541667,5.84E-03,Eastern South Pacific,
BIOSOPE,-13.55333,-132.10686,13.87537452,0.27750749,0.019807979,0.208231263,0.072395022,0.266308933,0.213333333,5.50E-03,Eastern South Pacific,
BIOSOPE,-15.5343,-129.92754,12.7003298,0.254006596,0.019199568,0.211524993,0.05458311,0.272981248,0.196041667,4.93E-03,Eastern South Pacific,
BIOSOPE,-17.23447,-127.97176,10.60485143,0.212097029,0.019049525,0.210099995,0.03582787,0.246328568,0.215,4.32E-03,Eastern South Pacific,
BIOSOPE,-18.74717,-125.55151,13.18206818,0.263641364,0.019625807,0.207462493,0.026455859,0.224896433,0.165,3.87E-03,Eastern South Pacific,
BIOSOPE,-20.45467,-122.89305,9.5083073,0.190166146,0.020809991,0.193025006,0.017027767,0.178989282,0.14,3.39E-03,Eastern South Pacific,
BIOSOPE,-22.05007,-120.38205,9.900917683,0.198018354,0.02358014,0.169831243,0.01427642,0.155799999,0.136875,3.06E-03,Eastern South Pacific,
BIOSOPE,-23.55372,-117.88925,8.7204948,0.174409896,0.024416933,0.159656248,0.013740685,0.163923212,0.13,2.79E-03,Eastern South Pacific,
BIOSOPE,-25.96975,-114.00505,6.894478448,0.137889569,0.023635293,0.148750007,0.015941304,0.155160715,0.13,2.56E-03,Eastern South Pacific,
BIOSOPE,-27.77275,-107.28623,6.40785775,0.128157155,0.02060038,0.172387503,0.021954734,0.152251791,0.12,2.71E-03,Eastern South Pacific,
BIOSOPE,-29.2252,-101.48098,7.2562184,0.145124368,0.020668693,0.165268749,0.02456884,0.173539291,0.12,2.78E-03,Eastern South Pacific,
BIOSOPE,-30.042,-98.39228,6.972733687,0.139454674,0.018884371,0.17118125,0.024716909,0.185794639,0.1334375,3.02E-03,Eastern South Pacific,
BIOSOPE,-30.78638,-95.4272,8.314909838,0.166298197,0.019225319,0.203668747,0.055887571,0.209458926,0.15,3.52E-03,Eastern South Pacific,
BIOSOPE,-31.869,-91.41518,10.74954843,0.214990969,0.017807659,0.24979376,0.08081397,0.205821427,,4.51E-03,Eastern South Pacific,
BIOSOPE,-32.39545,-86.78242,11.32971861,0.226594372,0.016808795,0.263549991,0.108285007,0.194195539,0.22625,5.48E-03,Eastern South Pacific,
BIOSOPE,-32.68325,-84.0737,10.87637022,0.217527404,0.015699818,0.260849997,0.111103733,0.198339283,0.154166667,5.94E-03,Eastern South Pacific,
BIOSOPE,-33.02312,-81.20049,10.46884718,0.209376944,0.013847545,0.281862505,0.110751679,0.249936619,0.203333333,6.88E-03,Eastern South Pacific,
BIOSOPE,-33.354,-78.11878,13.29260865,0.265852173,0.013246227,0.31562499,0.244013314,0.386508916,0.24625,8.38E-03,Eastern South Pacific,
BIOSOPE,-33.60613,-75.83113,16.55086392,0.331017278,0.012766629,0.331081256,0.379610543,0.572528601,0.353,1.12E-02,Eastern South Pacific,
BIOSOPE,-33.9332,-73.36405,21.07287117,0.421457423,0.013083557,0.320275009,1.993705511,0.686183027,0.517083333,1.97E-02,Eastern South Pacific,
BIOSOPE,-34.51367,-72.41662,15.29781629,0.305956326,0.009073956,0.311006248,7.066110373,0.733001743,,2.16E-02,Eastern South Pacific,coastal
BIOSOPE,-26.05263,-114.01095,8.47654955,0.169530991,0.023639019,0.141893748,0.015490903,0.151158927,0.125,2.59E-03,Eastern South Pacific,
BIOSOPE,-33.99632,-73.36961,17.0917274,0.341834548,0.013083557,0.320275009,1.993705511,0.686183027,,1.97E-02,Eastern South Pacific,
P06,-30.079,154,7.7131,0.154262,0.012546362,0.156431247,0.31319,0.12120446,0.0775,6.51E-03,Western South Pacific,
P06,-30.08,155.99,7.3554,0.147108,0.01355554,0.145268749,0.32112,0.129160714,0.044375,6.47E-03,Western South Pacific,
P06,-30.08,158,9.4578,0.189156,0.014020075,0.160687502,0.25283,0.134921421,0.082708333,6.77E-03,Western South Pacific,
P06,-30.081,160,9.7405,0.19481,0.014143589,0.170206249,0.24382,0.129350905,0.048125,6.52E-03,Western South Pacific,
P06,-30.08,162,4.8682,0.097364,0.013870123,0.172450006,0.22637,0.125022324,0.068125,6.32E-03,Western South Pacific,
P06,-30.08,166.07,5.3927,0.107854,0.013765965,0.206206249,0.21551,0.144003578,0.073541667,6.17E-03,Western South Pacific,
P06,-30.08,170,6.4779,0.129558,0.01404312,0.197181243,0.18663,0.140116958,0.075625,6.11E-03,Western South Pacific,
P06,-30.08,172,4.9983,0.099966,0.013918687,0.190993752,0.23786,0.138686619,0.06875,6.09E-03,Western South Pacific,
P06,-30.08,176,6.83,0.1366,0.013414594,0.212781247,0.21563,0.149170526,0.0709375,5.35E-03,Western South Pacific,
P06,-32.5,179.92,8.114,0.16228,0.013528447,0.198131241,0.27752,0.122571424,0.0909375,6.42E-03,Western South Pacific,
P06,-32.5,-175.75,8.3158,0.166316,0.013438024,0.147962503,0.24097,0.113201786,0.0775,5.63E-03,Western South Pacific,
P06,-32.5,-163.82,2.9419,0.058838,0.014798335,0.116731251,0.16269,0.124908939,0.0484375,3.95E-03,Western South Pacific,
P06,-32.499,-161.83,9.5148,0.190296,0.014731809,0.097787496,0.14031,0.129516967,0.071875,3.81E-03,Western South Pacific,
P06,-32.5,-158.21,7.6636,0.153272,0.014934203,0.080024997,0.11489,0.138237507,0.086875,3.67E-03,Eastern South Pacific,
P06,-32.5,-154.27,6.5318,0.130636,0.01534234,0.113924995,0.11399,0.149902673,0.0975,3.44E-03,Eastern South Pacific,
P06,-32.5,-150.25,10.644,0.21288,0.016655464,0.139243744,0.11808,0.163375,0.098125,3.48E-03,Eastern South Pacific,
P06,-32.501,-145.71,8.0879,0.161758,0.016961524,0.135300003,0.097953,0.152555366,0.116875,3.28E-03,Eastern South Pacific,
P06,-32.505,-142.25,9.1852,0.183704,0.017055591,0.129862502,0.087439,0.153312498,0.095625,3.23E-03,Eastern South Pacific,
P06,-32.5,-135.92,12.608,0.25216,0.017479814,0.165324993,0.077145,0.180280363,0.08,3.20E-03,Eastern South Pacific,
P06,-32.5,-132.36,15.24,0.3048,0.017747308,0.156818751,0.085788,0.188597324,0.095,2.97E-03,Eastern South Pacific,
P06,-32.5,-127.97,17.369,0.34738,0.018581718,0.120506253,0.067579,0.18231518,0.08125,3.07E-03,Eastern South Pacific,
P06,-32.499,-115.58,17.171,0.34342,0.020519965,0.1769125,0.059136,0.182340174,0.08,3.14E-03,Eastern South Pacific,
P06,-32.501,-111.7,16.382,0.32764,0.020828624,0.181118745,0.075465,0.169700008,0.06,3.38E-03,Eastern South Pacific,
P06,-32.5,-103.43,13.656,0.27312,0.020245267,0.169287499,0.10581,0.157735718,0.1371875,3.92E-03,Eastern South Pacific,
P06,-32.5,-98.886,14.029,0.28058,0.01909649,0.179937497,0.11,0.183558939,0.155,4.09E-03,Eastern South Pacific,
P06,-32.5,-93.544,10.705,0.2141,0.017383976,0.238074996,0.11613,0.220965196,0.289375,4.46E-03,Eastern South Pacific,
P06,-32.5,-88.205,10.205,0.2041,0.016625356,0.264443759,0.12936,0.19295982,0.18375,5.22E-03,Eastern South Pacific,
P06,-32.5,-82.866,10.798,0.21596,0.014516128,0.269612487,0.21266,0.217692856,0.27875,5.64E-03,Eastern South Pacific,
P06,-32.5,-77.525,4.8677,0.097354,0.013059921,0.318743758,0.30441,0.466980338,0.3,8.10E-03,Eastern South Pacific,
P06,-32.5,-75.746,6.7599,0.135198,0.013535706,0.32827501,0.31389,0.590366083,0.3184375,1.10E-02,Eastern South Pacific,
P18,22.002,-110,24.356,0.48712,0.009863401,0.400656251,0.15886,0.899187429,0.312145121,4.67E-03,Eastern North Pacific,
P18,20,-110,19.423,0.38846,0.009483314,0.31948749,0.1224,0.896790198,0.323199788,3.09E-03,Eastern North Pacific,
P18,18,-110,17.023,0.34046,0.010497456,0.271000003,0.091978,0.925190142,0.236885326,3.23E-03,Eastern North Pacific,
P18,16.001,-110,16.88,0.3376,0.012134897,0.252312496,0.1113,0.923424125,0.307016819,3.66E-03,Eastern North Pacific,
P18,14,-110,16.693,0.33386,0.012887387,0.234293754,0.12661,0.753178596,0.178396222,4.01E-03,Eastern North Pacific,
P18,12,-110,19.192,0.38384,0.01681213,0.21618125,0.12454,0.566628558,0.15019597,5.80E-03,Eastern North Pacific,
P18,10,-110,15.324,0.30648,0.017378597,0.204093751,0.12628,0.44753749,0.301412906,6.03E-03,Eastern North Pacific,
P18,7.9998,-110,12.192,0.24384,0.017142822,0.202162504,0.097559,0.400133099,0.11668343,5.26E-03,Eastern North Pacific,
P18,5.9999,-110,13.381,0.26762,0.01905497,0.221618742,0.10766,0.361689295,0.186099275,5.65E-03,Eastern North Pacific,
P18,4,-110,16.158,0.32316,0.022780998,0.295731261,0.17593,0.317314267,0.183197204,7.90E-03,Eastern North Pacific,
P18,-5.5901,-109.18,17.327,0.34654,0.020598476,0.193318725,0.12569,0.430045503,0.286762422,7.21E-03,Eastern South Pacific,
P18,-6.1799,-108.35,16.164,0.32328,0.021262814,0.188781261,0.12223,0.484622308,0.287658707,7.40E-03,Eastern South Pacific,
P18,-9.71,-103.41,12.33,0.2466,0.021329077,0.265400022,0.12634,0.634649115,0.253938594,7.17E-03,Eastern South Pacific,
P18,-13.5,-103,18.556,0.37112,0.019146944,0.313518763,0.11168,0.541874092,0.3571611,6.26E-03,Eastern South Pacific,
P18,-15.5,-103,14.372,0.28744,0.018580802,0.32613124,0.067304,0.443095532,0.335378397,5.90E-03,Eastern South Pacific,
P18,-17.5,-103,14.183,0.28366,0.01764899,0.322200008,0.063646,0.360500015,0.318846903,5.10E-03,Eastern South Pacific,
P18,-19.5,-103,11.045,0.2209,0.016508368,0.303518744,0.033591,0.295118749,0.372328869,3.51E-03,Eastern South Pacific,
P18,-21.5,-103,10.766,0.21532,0.018035713,0.281087505,0.025668,0.253953576,0.368248714,2.71E-03,Eastern South Pacific,
P18,-23.5,-103,11.158,0.22316,0.02027705,0.255693758,0.017004,0.226620534,0.240272594,2.59E-03,Eastern South Pacific,
P18,-25.5,-101.5,8.4894,0.169788,0.019526479,0.223931247,0.015921,0.216259815,0.214117707,2.48E-03,Eastern South Pacific,
P18,-27.5,-101.5,4.527,0.09054,0.02041306,0.1871625,0.015349,0.191448214,0.199259301,2.56E-03,Eastern South Pacific,
P18,-29.501,-103,10.109,0.20218,0.020510938,0.166937495,0.018783,0.161725892,0.149917309,2.77E-03,Eastern South Pacific,
P18,-31.5,-103,6.4486,0.128972,0.019085237,0.166550003,0.023375,0.158366069,0.155662728,3.17E-03,Eastern South Pacific,
P18,-33.501,-103,8.8387,0.176774,0.020282587,0.170362502,0.045005,0.154587498,0.200071939,4.89E-03,Eastern South Pacific,
KH-12-3,35,160,5.600305561,0.112006111,0.012694331,0.09155,0.095046572,0.045356257,0.073,5.77E-03,Western North Pacific,
KH-12-3,30,160,5.015142972,0.100302859,0.014603185,0.045849998,0.052076049,0.021616073,0.054,4.25E-03,Western North Pacific,
KH-12-3,25,160,5.689772705,0.113795454,0.018049786,0.056206248,0.033807889,0.073414284,0.048,3.04E-03,Western North Pacific,
KH-12-3,20,160,6.525073656,0.130501473,0.020633663,0.088575,0.042479359,0.140261609,0.06,2.96E-03,Western North Pacific,
KH-12-3,15,160,7.776793103,0.155535862,0.022763464,0.111343749,0.03937478,0.184680349,0.052,2.71E-03,Western North Pacific,
KH-12-3,20,148,6.58758376,0.131751675,0.020986197,0.085087497,0.038117528,0.109192859,0.101,3.17E-03,Western North Pacific,
KH-12-3,24,143.21,5.992628946,0.119852579,0.016890918,0.0390375,0.039129231,0.057034825,0.068,2.96E-03,Western North Pacific,
KH-12-3,28,138,4.841016287,0.096820326,0.014291741,0.058312502,0.048757046,0.049745535,0.077,3.99E-03,Western North Pacific,
KH-12-3,31,134.07,4.63945046,0.092789009,0.010482059,0.05584375,0.055738818,0.098112499,0.059,3.36E-03,Western North Pacific,
GOM2019,27.79234,-82.9179,20,0.4,0.00601897,0.060412504,1.488496304,,0.1,1.76E-02,Gulf of Mexico,
GOM2019,28.17038,-82.9226,11,0.22,0.004916198,0.116062507,2.424480915,,0.05,1.64E-02,Gulf of Mexico,
GOM2019,27.3833,-82.715,18,0.36,0.006298834,0.060412504,1.68097198,,-0.01125,2.08E-02,Gulf of Mexico,
GOM2019,27.3667,-82.9,12.5,0.25,0.006371157,0.060412504,0.470149368,,0,1.25E-02,Gulf of Mexico,
GOM2019,27.3575,-83.18722,12.5,0.25,0.008784079,0.060412504,0.338928431,,0,6.66E-03,Gulf of Mexico,
GOM2019,27.28762,-83.58218,9.5,0.19,0.009679796,0.060412504,0.201102883,,0,5.53E-03,Gulf of Mexico,
GOM2019,27.15006,-85.14278,6.5,0.13,0.009887956,0.119318742,0.127732322,-0.139204455,0,4.02E-03,Gulf of Mexico,
GOM2019,27.4,-84.9044,7.5,0.15,0.010092524,0.102850001,0.13329643,-0.166176796,0,4.41E-03,Gulf of Mexico,
GOM2019,27.59006,-84.75576,10.5,0.21,0.010035567,0.102850001,0.131886974,-0.166176796,0,4.55E-03,Gulf of Mexico,
GOM2019,27.70722,-84.553056,10,0.2,0.010494235,0.102850001,0.131780073,-0.166176796,0,5.20E-03,Gulf of Mexico,
GOM2019,27.826944,-83.93833,11,0.22,0.010356992,0.060412504,0.172492683,,0,6.16E-03,Gulf of Mexico,
GOM2019,27.85,-83.65,10,0.2,0.009727402,0.060412504,0.273784786,,0,6.67E-03,Gulf of Mexico,
GOM2019,27.8166,-83.0166,12,0.24,0.006496442,0.060412504,0.618726015,,0,1.29E-02,Gulf of Mexico,
GOM2019,27.7,-82.9,12.5,0.25,0.006000577,0.060412504,1.600573659,,0.06,2.00E-02,Gulf of Mexico,
GOM2019,27.58944,-82.86306,11.5,0.23,0.006642903,0.060412504,1.725508809,,0,2.16E-02,Gulf of Mexico,